{"cameraMode":{"drawMode":0,"name":"Shaded","section":"Shading Mode"},"sceneLighting":true,"audioPlay":false,"sceneViewState":{"m_AlwaysRefresh":false,"showFog":true,"showSkybox":true,"showFlares":true,"showImageEffects":true,"showParticleSystems":true,"showVisualEffectGraphs":true,"m_FxEnabled":true},"in2DMode":false,"pivot":{"x":1.779102087020874,"y":7.939967155456543,"z":-5.1462626457214359},"rotation":{"x":-0.26695486903190615,"y":-0.023032259196043016,"z":0.0063821314834058289,"w":-0.9634166955947876},"size":0.16834931075572968,"orthographic":false}